Анапа,Ангарск,Астрахань,Волгодонск,Волгоград,Екатеринбург,Ейск,Иркутск,Казань,Краснодар,Красноярск,Набережные Челны,Новороссийск,Новошахтинск,Родионовка,Саратов,Сочи,Ставрополь,Таганрог,Тюмень,Уфа,Хабаровск,Цимлянск,Шахты,Чита,Ростов-на-Дону,Без города
АНАПА / НОВОРОССИЙСК | Большая ДОСКА ОБЪЯВЛЕНИЙ - 1156,Барахолка Ангарск - 444,💯 3️⃣0️⃣💬 Астрахань и Астраханская обл ДОСКА ОБЪЯВЛЕНИЙ - 2241,ВОЛГОДОНСК | Большая ДОСКА ОБЪЯВЛЕНИЙ - 1421,Волгоград Объявления | Новости - 6800,Барахолка Свердловская Обл. - 6320,Ейск Объявления | Новости - 2734,Иркутск Объявления | Новости - 2592,Казань Объявления | Новости - 1750,Краснодар Объявления | Новости - 5837,Красноярск Объявления | Новости - 1963,💯✔️💬Набережные Челны ДОСКА ОБЪЯВЛЕНИЙ - 1088,💯✔️Новороссийск Купи Продай | БОЛЬШАЯ  ДОСКА ОБЪЯВЛЕНИЙ - 1596,Объявления Новошахтинск - 2028,Родионовка Объявления | Новости - 1527,💯✔️💬Купи Продай Саратов |Объявления Саратов Live💥 - 1385,Сарафан Сочи Чат - 2878,Ставрополь Объявления | Новости - 6075,💯✔️💬ТАГАНРОГ | Большая ДОСКА ОБЪЯВЛЕНИЙ - 2188,7️⃣2️⃣ 💯✔️💬Тюмень и  Тюменская область ДОСКА ОБЪЯВЛЕНИЙ - 5524,Уфа Объявления | Новости - 11505,Хабаровск Объявления |  Новости - 2098,❗️🐟СВЕЖАЯ ЦИМЛЯНСКАЯ РЫБКА 🐡ДОСТАВКА❗️ - 1027,"Каменоломни-Шахты.Объявления, Куплю, Продам,Отдам даром - 706",Работа в Чите и Забайкальском крае Работазабкрай. рф - 16287,Ростов-на-Дону Объявления | Новости - 6343,ВАКАНСИИ В ОХРАНЕ - 9885
Барахолочка Анапа - 217,,🍉 Объявления Астрахани бесплатно - 804,Волгодонск Объявления | Объявления - 361,💯✔️Official Max Регион 34 /   ОБЪЯВЛЕНИЯ Волгоградской обл - 3843,"ОБЬЯВЛЕНИЯ ЕКАТЕРИНБУРГ, Свердловская область - 365",💯✔️💬ЕЙСК и Ейский район ДОСКА ОБЪЯВЛЕНИЙ - 2669,Работа в Иркутске - 1693,"Арск, Атня, Балтаси  и др. районы Татарстана. - 1113",Объявления Краснодар и область - 1755,"VERTEX MEDIA Реклама, которую видит Минусинск - 1789",Набережные Челны Объявления | Новости - 1070,Новороссийск Объявления | Новости - 1499,ПОДСЛУШАНО НОВОШАХТИНСК - 675,Обьявление Родионово-Несветайская - 310,САРАТОВ | Большая ДОСКА ОБЪЯВЛЕНИЙ - 1342,Сочи группа объявлений - 364,2️⃣6️⃣💯✔️Ставропольский край ДОСКА ОБЪЯВЛЕНИЙ - 5606,Доска Бесплатных объявлений Таганрог - 151,Тюмень Объявления | Новости - 2724,"Уфа: Отдам, Куплю, Продам - 3546",Презент. Объявления. Хабаровск - 769,,Кондитерские изделия оптом г.Шахты пер.Комиссаровский 37 - 74,Чита Объявления | Новости - 7828,"""Мы ТУТ"" [Миллерово и весь север РО] - 1619",МЕГА ССЫЛОЧНАЯ MAX России - 7514
Анапа Объявление | Новости - 216,,🍉🍉 Ссылки Астрахань 🍉🍉 - 722,"07/Зимовки, Волгодонск, Шахты Ростовской области - 124",НАГОТОВЕ | ФОРЕЛЬ ВОЛГОГРАД 34 - 2263,Екатеринбург Объявления | Новости - 280,ЕЙСК | Большая ДОСКА ОБЪЯВЛЕНИЙ - 2157,Продам/Куплю/Услуги Иркутская область - 1637,🏦🏦🏦Солнечный город Казань - 836,🪗Краснодар и рядом🪗купи продай🪗 - 1296,Объявления Красноярск - 1037,Авито г.Набережные Челны - 1014,КУПИ | ПРОДАЙ | НОВОРОССИЙСК 🛜 - 113,Объявления и услуги. г Шахты/ Каменоломни/ Новошахтинск/ Новочеркасск/ прилегающие территории. - 363,,Феникс Новые Бурасы - 1040,,6 Ставропольский край - 2123,Барахолочка Таганрог - 58,"Работа, подработка Тюмень - 2317",Попутчики МИЯКИ-УФА - 1667,Продукты Хабаровск - 526,,,💯✔️💬Чита и Забайкальский край  | Большая ДОСКА ОБЪЯВЛЕНИЙ - 6815,Объявления Ростов На Дону - 1529,Доска-обьявлений РФ! Лайт. - 7084
06/Анапа - 97,,ПРОДАЖИ В АСТРАХАНИ - 295,,Авторынок Волгоград объявления - 1983,Барахолка Верх - Исетский район Екатеринбурга - 174,Бея и бейский район купи продай с юмором без перекупов! - 1179,КУЙБЫШЕВСКИЙ РАЙОН!! г ИРКУТСКА . - 1394,🏦🏦🏦Доска объявлений Казань - 791,Продам Куплю Отдам  г. КРАСНОДАР. - 1089,БАРАХОЛКА. КРАСНОЯРСК И КРАЙ. ХАКАСИЯ - 979,Аренда квартир в г Набережные Челны - 837,🔥🔥НОВОРОССИЙСК ОБЪЯВЛЕНИЯ - 108,,,Саратов - Энгельс Объявления Бесплатные - 491,,5🍎 Грачевский район - 1852,,ТЮМЕНЬ • ОБЪЯВЛЕНИЯ - 1809,Перекуп_102RUS УФА ЧАТ - 1253,Презент. Купи - Продай. Хабаровск - 467,,,ЧИТА БАРАХОЛКА - 1401,Из рук в руки Кашарский район - 1360,Недвижимость РОССИИ - 6330
АНАПА Live | Новости • Общение - 46,,Все Услуги Астрахань - 285,,Куплю-продам  Волгоград объявления - 1074,,Объявления Бейский район - 461,ОБЪЯВЛЕНИЯ НАШ КУЙБЫШЕВСКИЙ район г ИРКУТСК - 1078,🏦🏦🏦 Доска объявлений Казань - 763,Юла Краснодар - 997,Работа для всех! Красноярск - 958,Барахолка Набережные Челны - 588,"Новороссийск сниму, сдам, арендую жилье. - 23",,,"Торговая Ярмарка Саратов, Энгельс - Объявления - 486",,🌻Объявления 26 RUS - 1203,,Работа. Тюмень. Тюменская область - 1636,🔸️АвтоБазар Уфа 🚀💰 - 1169,"ПРОДАМ, КУПЛЮ, ОТДАМ,ДАРЕНИЕ ХАБАРОВСК +ДВ - 453",,,Объявления г. Чита - 1278,Ростов объявления.песчанокопск. Сальск.  . Батайск Аксай.. - 1151,Переходник МОЗГ🧠 - 5471
"Анапа ,сниму,сдам ,арендую жилье. - 42",,Астраханский край !!!!Обьяления и личные продажи!!!! - 269,,Недвижимость Волгоград объявления - 893,,Барахолка Ейск - 434,Иркутск объявления - 857,🏦🏦🏦Доска объявлений Казань - 760,Барахолка Краснодар-И Рядом - 908,Саженцы для Вашего Сада Красноярск - 920,Объявления Набережные Челны - 367,,,,Саратов Объявления | Новости - 305,,"🌻Доска объявлений: купи, продай, отдай Ставрополь и окрестности - 970",,🪧 ОБЪЯВЛЕНИЯ-ТЮМЕНЬ! 🏡ТЮМЕНСКАЯ ОБЛАСТЬ! 💬 - 595,Барахолка уфа - 966,Барахолка Хабаровск - 452,,,г. ЧИТА И ЗАБ. КРАЙ - 1178,1 ✔Купи-продай Ростов Аксай Батайск - 955,ХОД  ВРЕМЕНИ - 5105
АНАПА Live | Куплю • Продам - 37,,ПОДСЛУШАНО АСТРАХАНЬ - 243,,Купи-продай в Волгограде - 870,,ОБЪЯВЛЕНИЯ БЕЙСКИЙ РАЙОН - 433,Иркутск Объявления - 556,"Авито  РБ, РТ  Уфв-Казань - 557",Краснодар Пригород Купи-продай - 806,КРАСНОЯРСК и КРАЙ - 24 РЕГИОН - 860,РАБОТА г.Набережные Челны - 292,,,,,,АВИТО Ставропольский край - 891,,ПРОДАТЬ в ТЮМЕНИ - 586,Бесплатные Объявления Уфа Online - 654,Работа Хабаровск - 431,,,Объявления Читы - 931,"Аксай,  Ростов-на-Дону,  Уборка квартир, домов 🤝 - 813",Объявления Кореновского района - 4477
АНАПА Live | Работа • Вакансии - 23,,Астрахань ваша реклама-на наших экранах!!! - 186,,Сельская Жизнь ЛПХ (Волгоградской области) - 772,,Барахолка ✅Ейск и ейский район - 425,Ленинский район Жилкино и ближайшие территории г. Иркутска - 393,Работа Казань. - 502,5 ✔Краснодар барахолка - 800,РАБОТА 24 ВАКАНСИИ КРАСНОЯРСК - 850,Объявление Набережные челны - 269,,,,,,6 ✔Ставропольский край Барахолка - 692,,🦋Барахолка Тюмень 72🦋 - 564,Халтура Уфа - 496,Купи продай Хабаровск - 431,,,Барахолка Чита 75R - 752,Купи-продай город Миллерово и близ находящиеся районы - 611,"Абзелил: Отдам, Куплю, Продам - 4448"
,,АСТРАХАНСКАЯ ВОЛНА ОБЬЯВЛЕНИЙ И НОВОСТЕЙ!!! - 182,,Mаx- регион 34 Волгоград и область объявления бесплатно - 382,,Ейск(Барахолка) - 414,Барахолка Иркутская область - 352,Доска объявлений Казань Татарстан - 416,"🌞КРАСНОДАР бесплатная реклама, объявления - 778",КРАСНОЯРСК ПРАВЫЙ БЕРЁГ - 631,НАБЕРЕЖНЫЕ ЧЕЛНЫ - ДОСКА ОБЪЯВЛЕНИЙ - 257,,,,,,🚘АвтоБАРАХОЛКА🚘 Ставропольский край - 437,,9️⃣Тюменская область объявления - 519,Ссылки . Объявления Уфа. - 494,Барахолка 27 Хабаровск - 394,,,Рынок Чита75R - 723,Объявления Ростова-на-Дону и Ростовской области) - 559,Кубань Объявления | Новости - 4220
,,ЯРМАРКА!!!!ОТ А ДО Я .АСТРАХАНЬ ОБЬЯВЛЕНИЯ!! - 141,,РЕКЛАМА ВОЛГОГРАД + НОВЫЙ РОГАЧИК - 294,,123. Рынок.Ейск и +300км . Объявления для всего и для всех. - 393,ИРКУТСК И ВЕСЬ 38 РЕГИОН - 327,Казань. РТ - 395,✅✅✅Купи&Продай Краснодарский край - 777,КРАСНОЯРСК И ВЕСЬ КРАСНОЯРСКИЙ КРАЙ - 553,Недвижимость продажа г.Набережные Челны - 181,,,,,,🔥🔥СТАВРОПОЛЬСКИЙ КРАЙ ОБЪЯВЛЕНИЯ - 415,,ТЮМЕНЬ ОБЬЯВЛЕНИЯ - 360,"ХАЛТУРА , ПОДРАБОТКА УФА И ПРИГОРОД - 468",Расхламлялка Хабаровск - 394,,,ЯРМАРКА⚜️ЧИТА - 689,Авторынок Ростовская область - 544,Финансовые инструменты | Антон Федоров - 2985
,,ДЕСЯТКА МИКРОРАЙОН 20 ЛЕТ ОКТЯБРЯ АСТРАХАНЬ!!!! - 126,,Фермерское Хозяйство Волгоградская область - 271,,"Дешевле всех Ейск, Старая,Новая - 391",,24/7💸7️⃣КУПИ💰ПРОДАЙ💰Казань - 348,КРАСНОДАР И КРАСНОДАРСКИЙ КРАЙ - 744,Бесплатные объявления Красноярск - 541,,,,,,,СТАВРОПОЛЬСКИЙ КРАЙ - 374,,Мы Тюмень - 317,🔸️Уфа🔸️ОБЪЯВЛЕНИЯ🔝💵 - 438,Барахолка Хабаровска - 364,,,Недвижимость Чита 75 - 650,АВТОРЫНОК | Ростовская область - 446,🌐🔄Популярная  ссылочная MAX РОССИИ 🔄🌐 - 2980
,,🛒БАРАХОЛКА АСТРАХАНЬ 🛒 - 118,,БАРАХОЛКА КРАСНОАРМЕЙСКИЙ РАЙОН г.Волгоград - 152,,"1️⃣Барахолка Ейск , Щербиновий район - 372",,24/7💸1️⃣0️⃣АВИТО💰КАЗАНЬ-ЧЕЛНЫ - 334,ПРОДАЙ ОБМЕНЯЙ КУПИ ОТДАЙ(Краснодарский край) - 732,ВЕСЬ‼️КРАСНОЯРСК‼️ЗДЕСЬ - 539,,,,,,,7 Инкубатор и птицы Ставрополья - 365,,,"Халтура, Объявления, Уфа. - 405",Детская АФИША. Хабаровск - 340,,,ЦветоМикс.Чита75R - 644,➰💙РОСТОВ-НА-ДОНУ💙➰ - 443,ПРОДУКТЫ ОПТОМ🔥 - 2520
,,АВИТО АСТРАХАНЬ РЕКЛАМА - 116,,Раки Волгоград 🦞 - 88,,Авито Щербиновский и Ейский район - 344,,🏦🏦🏦КАЗАНЬ ОБЪЯВЛЕНИЕ - 326,КРАСНОДАР. КУПИ - 727,ЛЕНИНСКИЙ СОЛНЕЧНЫЙ КРАСНОЯРСКИЙ КРАЙ - 518,,,,,,,СТАВРОПОЛЬ. Бесплатные объявления - 322,,,💥РынокУфаРб - 390,Работа для женщин! Хабаровск и пригород - 305,,,Подслушано ЧИТА - 604,🔥🔥РОСТОВСКАЯ ОБЛ ОБЪЯВЛЕНИЯ - 439,Хакасия I Объявления I Реклама - 2290
,,РЕКЛАМА ВАШИХ ТОВАРОВ И УСЛУГ!!!!АСТРАХАНЬ - 115,,Вакансии и услуги Волгограда и Волгоградской области - 85,,Доска объявлений Ейск - 253,,24/7💸1️⃣1️⃣БАРАХОЛКА💰КАЗАНЬ - 293,Авито Краснодарский край - 605,ВЕСЬ КРАСНОЯРСКИЙ КРАЙ - 512,,,,,,,꧁✰СТАВРОПОЛЬСКИЙ КРАЙ✰꧂ - 216,,,Объявления Уфа-Рб - 236,Детская барахолка. Хабаровск - 224,,,Купи-Продай Чита75 - 589,✳️🏡п.Южный & Ростовка 🏘️✳️ - 335,МАМОНТОВО ОБЪЯВЛЕНИЯ 📰(Алт. край) - 2236
,,,,Продукты питания Волгоград - 82,,Объявления Славянский и Красноармейский районы. - 234,,"ТВОИ ОБЪЯВЛЕНИЯ, Зеленодольск, Волжск, Васильево, Казань - 198",Краснодарский край ДОСКА ОБЬЯВЛЕНИЙ - 596,Объявления Красноярск - 454,,,,,,,🇷🇺 Ставрополье купи продай 26 - 169,,,Авито -Барахолка Уфа и ближайшие районы! - 228,AutoParts_27reg. - 209,,,Животный мир Чита 75R - 579,🏡🌳 Ростовское шоссе дачи/ СНТ все км 🏘️🌳 - 328,0️⃣1️⃣💯✔️💬Республика Адыгея ДОСКА ОБЪЯВЛЕНИЙ - 1959
,,,,Флора и Фауна Волгоград объявления - 59,,Объявления Ейск - 211,,Работа: вакансии и подработка в Казани - 140,1. Объявления Краснодара - 579,Домашние и садовые цветочки г Красноярск - 404,,,,,,,"02/Ставропольский край реклама бесплатная, ссылки взаимны - 108",,,,Барахолка Хабаровский край - 207,,,Авто Чита 75R - 570,1🌟 РОСТОВ ▪️УСЛУГИ▪️ПРОДАЖИ - 247,Списание долгов по 127ФЗ/Банкротство - 1954
,,,,Автозапчасти Волгоград - 58,,*Реклама Ейск* - 136,,Барахолка Казань - 108,🔥🔥КРАСНОДАРСКИЙ КРАЙ ОБЪЯВЛЕНИЯ - 554,ОКТЯБРЬСКИЙ РАЙОН. КРАСНОЯРСК - 381,,,,,,,,,,,👷РАБОТА 🧑‍🏫 в Хабаровске ❗ - 187,,,Улёты Чита Объявления - 431,Суворовский Ростов - 126,Бла бла Приоритет - 1625
,,,,Строительство и ремонт Волгоград объявления - 41,,🔥🔥ЕЙСК ОБЪЯВЛЕНИЯ - 120,,Барахолка Казань✨ - 47,"Реклама , Краснадар -Краснодарский край - 551",ЖЕЛЕЗНОГОРСК КРАСНОЯРСКИЙ. - 315,,,,,,,,,,,Хабаровск объявления и взаимные ссылки - 175,,,Чита: Доска объявлений - 394,Северный Ростов - 121,РемСтройРесурс РФ🇷🇺 | MAX - 1461
,,,,,,ЕЙСК/НОВОСТИ/ОБЪЯВЛЕНИЯ - 101,,,Краснодар объявления - 516,ЛЕВЫЙ БЕРЕГ. КРАСНОЯРСК - 305,,,,,,,,,,,Аренда квартир Хабаровск - 163,,,Чита. ru - 376,,☘️ТОРГОВЫЙ МИР КУБАНИ ☘️ - 1426
,,,,,,"Ейск ,сниму ,сдам ,арендую жилье. - 89",,,"РАБОТА и ВАКАНСИИ по Динскому району, р. Южный, Витамин, г . Краснодар - 515",ОБЪЯВЛЕНИЯ Дрокино-Емельяново-Солонцы-Борцы-Красноярск - 295,,,,,,,,,,,,,,Бесплатные обьявления Чита - 352,,☘️КУБАНЬ СЕГОДНЯ ☘️❤ - 1425
,,,,,,,,,➰💚КРАСНОДАР💚➰ - 486,Работа в Красноярске - 232,,,,,,,,,,,,,,"ЧЕРНОВСКИЙ РАЙОН, ЧИТА - 323",,❤️ДОСКА У-И❤️ - 1414
,,,,,,,,,АВИТО. Краснодарский  край. - 472,АвтоБарахолка Красноярского края - 157,,,,,,,,,,,,,,Работа Чита75 - 320,,КУПИ ПРОДАЙ МАМОНТОВО (Алт. край) - 1398
,,,,,,,,,"""АВИТО МАЙКОП АДЫГЕЯ КРАСНОДАРСКИЙ КРАЙ"" - 457",Работа вакансии Красноярск!!!! Недвижимость Красноярска!!! - 135,,,,,,,,,,,,,,Барахолка Чита - 293,,Авито. М- К - 1346
,,,,,,,,,Доска Объявлений Краснодара и Краснодарского края - 448,"КУПИ, ПРОДАЙ, ОТДАЙ, МЕНЯЙ. КРАСНОЯРСКИЙ КРАЙ - 122",,,,,,,,,,,,,,"ЧИТА. КУПИ, ПРОДАЙ - 216",,РАБОТА В ЧИТЕ - 1327
,,,,,,,,,🧲(9)КРАСНОДАРСКИЙ КРАЙ - 446,,,,,,,,,,,,,,,Ручная работа г Чита. Мастера заб. края - 171,,"Автобарахолка Хакасии. Покупка,продажа,запчасти,ремонт. - 1289"
,,,,,,,,,"01/Краснодарский край БЕСПЛАТНАЯ реклама, ссылки взаимны - 443",,,,,,,,,,,,,,,Объявления📋 Услуги🚚ЧИТА - 108,,ССЫЛКИ/ОБЪЯВЛЕНИЯ.КОММЕРЧЕСКАЯ РЕКЛАМА. АЛТ. КРАЯ И ДРУГОЕ - 1179
,,,,,,,,,АВТОРЫНОК | Краснодарский край - 440,,,,,,,,,,,,,,,,,"Объявление Саяногорск, Майна, Черёмушки - 1129"
,,,,,,,,,Барахолка Краснодар 23 - 393,,,,,,,,,,,,,,,,,💯✔️💬ТИМАШЕВСК | Большая ДОСКА ОБЪЯВЛЕНИЙ Кр края - 1088
,,,,,,,,,🆑🛑БАРАХОЛКА 🛑 КРАСНОДАР🛑 - 379,,,,,,,,,,,,,,,,,Новая ссылочная NSK и НСО - 1070
,,,,,,,,,1️⃣💖 ВСЕ ЧАСТНЫЕ ОБЪЯВЛЕНИЯ БЕСПЛАТНО КРАСНОДАР И КРАЙ💖 - 318,,,,,,,,,,,,,,,,,☘️КУБАНЬ ВСË ЗДЕСЬ ☘️❤ - 1036
,,,,,,,,,Ростовской шоссе(Краснодар) - 308,,,,,,,,,,,,,,,,,Дром 03/38/75 - 998
,,,,,,,,,🌀12🌀💥КУПИ/ПРОДАЙ💥 Краснодар и пригород - 305,,,,,,,,,,,,,,,,,Купи/Продай Родино - 988
,,,,,,,,,Барахолка Краснодар - 292,,,,,,,,,,,,,,,,,Говорит регион 26 - 925
,,,,,,,,,꧁✰КРАСНОДАР ОБЪЯВЛЕНИЯ✰꧂ - 285,,,,,,,,,,,,,,,,,Купи-Продай Новощербиновская Старощербиновская - 845
,,,,,,,,,Работа Краснодарский край - 284,,,,,,,,,,,,,,,,,Новосибирск Объявления | Новости - 787
,,,,,,,,,🟠🟠🟠Горхутор Краснодар п. Северный Баскетхол - 272,,,,,,,,,,,,,,,,,🪐СОВЕТСКИЙ РАЙОН🪐ЛЕВЫЙ БЕРЕГ - 787
,,,,,,,,,2. Объявления Краснодарский край - 246,,,,,,,,,,,,,,,,,РЫБНЫЙ ЦЕНТР - 775
,,,,,,,,,2️⃣📣 Российский Краснодар - 228,,,,,,,,,,,,,,,,,☘️КУБАНЬ ВСЕ ДЛЯ ВСЕХ ☘️❤ - 753
,,,,,,,,,🦋🦋(4)КРАСНОДАР. Бесплатное размещение ваших объявлений📱 - 218,,,,,,,,,,,,,,,,,ОТДАМ ДАРОМ 75 RUS - 752
,,,,,,,,,ГОРОД 23 | КРАСНОДАР - 188,,,,,,,,,,,,,,,,,БОЛЬШАЯ ДЕРЕВЕНСКАЯ 🚜🐣🐶🦆🐝🐮🐷🐓 - 675
,,,,,,,,,Краснодар объявления - 182,,,,,,,,,,,,,,,,,Барахолка БЛАГОВАРСКИЙ район - 675
,,,,,,,,,"🇷🇺БАРАХОЛКА (СТАНИЦЫ,РАЙОНЫ,ХУТОРА)КРАСНОДАРСКИЙ КРАЙ - 176",,,,,,,,,,,,,,,,,Чат пиар и Like Time 🥰VKontakte - 651
,,,,,,,,,Краснодар реклама - 171,,,,,,,,,,,,,,,,,Жумуш - работа в Москве 🇷🇺🇰🇬🇰🇿 - 628
,,,,,,,,,БАРАХОЛКА КРАСНОДАРСКОГО КРАЯ!!! - 145,,,,,,,,,,,,,,,,,Белореченк Заречный южный родники - 607
,,,,,,,,,☀️🌹☀️НЕДВИЖИМОСТЬ.КРАСНОДАРСКИЙ КРАЙ . РОСТОВСКАЯ  ОБЛАСТЬ - 134,,,,,,,,,,,,,,,,,7️⃣4️⃣Челябинск ДОСКА ОБЪЯВЛЕНИЙ - 577
,,,,,,,,,🟠🟠🟠 КРАСНОДАРСКИЙ КРАЙ БАРАХОЛОЧКА - 128,,,,,,,,,,,,,,,,,От Смоленки до Карповки - 566
,,,,,,,,,❤️Краснодар ❤️ и соседи - 107,,,,,,,,,,,,,,,,,"4 Купить,продать, обменять 26 - 562"
,,,,,,,,,Авторынок  Краснодарский край - 104,,,,,,,,,,,,,,,,,📰Обьявления 🔗Ссылки   БЕЛОРЕЧЕНСК - 553
,,,,,,,,,Рыбка даром Краснодар ❤️ - 99,,,,,,,,,,,,,,,,,⚜️ СВЕТЛОГРАД И ОКРЕСТНОСТИ ⚜️ - 551
,,,,,,,,,Барахолочка Краснодарский край - 99,,,,,,,,,,,,,,,,,ВСЯ РЕКЛАМА 34 - 546
,,,,,,,,,⚡2 Краснодарский край  ‼️ объявления  ‼️ - 94,,,,,,,,,,,,,,,,,Рыбка Даром🐟 - 546
,,,,,,,,,Всё всем Краснодарский край - 85,,,,,,,,,,,,,,,,,Объявления Саяногорск - Майна - Черемушки - 541
,,,,,,,,,☀️Краснодар Объявления - 84,,,,,,,,,,,,,,,,,Реклама Туймазы - 532
,,,,,,,,,🟡КРАСНОДАР🟡 - 82,,,,,,,,,,,,,,,,,All-in - 530
,,,,,,,,,ЧАСТНЫЕ ДОМА г. КРАСНОДАР - 81,,,,,,,,,,,,,,,,,Барахолка челяб - 517
,,,,,,,,,🦉КРАСНОДАРСКИЙ КРАЙ - 77,,,,,,,,,,,,,,,,,ВЕРХНЕУСЛОНСКИЙ РАЙОН - 499
,,,,,,,,,"🇷🇺РАБОТА""КРАСНОДАРСКИЙ КРАЙ"" - 75",,,,,,,,,,,,,,,,,НОВАЯ АДЫГЕЯ🟢ЯБЛОНОВСКИЙ🔴КОЗЕТ🟣ЭНЕМ - 496
,,,,,,,,,БАРАХОЛКА КРАСНОДАР И ПРИГОРОД - 66,,,,,,,,,,,,,,,,,Барахолка Нагаево Акбердино и окрестности - 486
,,,,,,,,,Весь Краснодарский Край - 65,,,,,,,,,,,,,,,,,🏡 Жители п. Южный 🏡 - 476
,,,,,,,,,Недвижимость Краснодара - 60,,,,,,,,,,,,,,,,,🍓Пос.Заречный Белореченский район🔥 - 454
,,,,,,,,,Барахолка Краснодарский край - 57,,,,,,,,,,,,,,,,,Ленинский. Новосибирск. Реклама - 443
,,,,,,,,,Барахолка Краснодар - 21,,,,,,,,,,,,,,,,,Андроповский  Александровский и ближайшие районы  КРС и мрс - 442
,,,,,,,,,Краснодар доска бесплатных обьявлений - 7,,,,,,,,,,,,,,,,,"Миллеровский район реклама,объявления. - 440"
,,,,,,,,,Ракета Краснодар доска бесплатных обьявлений - 6,,,,,,,,,,,,,,,,,Купи продай Белореченский район - 436
,,,,,,,,,,,,,,,,,,,,,,,,,,🔷 КУПЛЮ 7 🔷АДЫГЕЯ - РАЙОНЫ 🔷 - 433
,,,,,,,,,,,,,,,,,,,,,,,,,,Авто куплю продам 26 - 430
,,,,,,,,,,,,,,,,,,,,,,,,,,ОКЕАН магазин рыбы и морепродуктов - 430
,,,,,,,,,,,,,,,,,,,,,,,,,,СОВЕТСКИЙ РАЙОН КРАСН. КРАЯ - 429
,,,,,,,,,,,,,,,,,,,,,,,,,,Куплю продам Краснотуранск-Идра - 428
,,,,,,,,,,,,,,,,,,,,,,,,,,Работа по Михайловской.  1 - 427
,,,,,,,,,,,,,,,,,,,,,,,,,,"Дульдурга, Обьявления - 423"
,,,,,,,,,,,,,,,,,,,,,,,,,,ГРУЗЧИКИ И РАЗНОРАБОЧИЕ 3.0 - 417
,,,,,,,,,,,,,,,,,,,,,,,,,,Строительство Белореченск майкоп - 400
,,,,,,,,,,,,,,,,,,,,,,,,,,Барахолка ЮГ ♥️ - 395
,,,,,,,,,,,,,,,,,,,,,,,,,,🟠🟠🟠Белореченский район БАРАХОЛОЧКА - 389
,,,,,,,,,,,,,,,,,,,,,,,,,,Лазаревское общая Анти ДПС - 386
,,,,,,,,,,,,,,,,,,,,,,,,,,Я 💓 п. Южный 🏡 - 358
,,,,,,,,,,,,,,,,,,,,,,,,,,"Авто барахолка 75, из рук в руки 👍 - 352"
,,,,,,,,,,,,,,,,,,,,,,,,,,"☘️КУБАНЬ КУПИ, ПРОДАЙ ☘️❤ - 348"
,,,,,,,,,,,,,,,,,,,,,,,,,,🤝🤝Яблоновский. Козет. - 337
,,,,,,,,,,,,,,,,,,,,,,,,,,Новокручинск. Все обьявления - 336
,,,,,,,,,,,,,,,,,,,,,,,,,,🌸Женский клуб🌸 - 333
,,,,,,,,,,,,,,,,,,,,,,,,,,ИЗОБИЛЬНЫЙ //КУПИ*ПРОДАЙ*ОТДАЙ - 326
,,,,,,,,,,,,,,,,,,,,,,,,,,Барахолка по Бейскому району - 323
,,,,,,,,,,,,,,,,,,,,,,,,,,Белореченск Строительство любые работы - 322
,,,,,,,,,,,,,,,,,,,,,,,,,,Судак Объявления - 320
,,,,,,,,,,,,,,,,,,,,,,,,,,Объявления Городовиковск - 312
,,,,,,,,,,,,,,,,,,,,,,,,,,Восточно-Кругликовская - 309
,,,,,,,,,,,,,,,,,,,,,,,,,,🌐СТАРОМЫШАСТОВСКАЯ  И РЯДОМ!⚡️⚡️⚡️ - 305
,,,,,,,,,,,,,,,,,,,,,,,,,,🚗 Автозвук_30_Автомир - 302
,,,,,,,,,,,,,,,,,,,,,,,,,,Камчатка Работа Объявления - 283
,,,,,,,,,,,,,,,,,,,,,,,,,,БОКОВСКАЯ МОЛВА - ИНФО Новости объявления - 281
,,,,,,,,,,,,,,,,,,,,,,,,,,Наш Город 27RUS kms - 279
,,,,,,,,,,,,,,,,,,,,,,,,,,"Ссылки и объявления Обь.Всё, что не запрещены законом РФ. - 276"
,,,,,,,,,,,,,,,,,,,,,,,,,,🌈ДМИТРЕВСКАЯ🌈 - 275
,,,,,,,,,,,,,,,,,,,,,,,,,,Авито Месягутово VIP - 265
,,,,,,,,,,,,,,,,,,,,,,,,,,ДОНЕЦК МОЛВА - ИНФО Новости объявления - 264
,,,,,,,,,,,,,,,,,,,,,,,,,,🏘️ Жители Ейского шоссе и окрестности 🏡 - 260
,,,,,,,,,,,,,,,,,,,,,,,,,,"Чара,обьявления - 258"
,,,,,,,,,,,,,,,,,,,,,,,,,,"🩵БАРАХОЛКА 🩵ЛАБИНСКИЙ🩵,МОСТОВСКОЙ 🩵 И РАЙОНЫ🩵, - 258"
,,,,,,,,,,,,,,,,,,,,,,,,,,🌈НОВОПОКРОВСКАЯ 🌈 - 255
,,,,,,,,,,,,,,,,,,,,,,,,,,"Завьяловский, Романовский и ближайшие районы купи-продай - 254"
,,,,,,,,,,,,,,,,,,,,,,,,,,🔥🔥ЛАБИНСК ОБЪЯВЛЕНИЯ - 250
,,,,,,,,,,,,,,,,,,,,,,,,,,МЕЖГОРОД-ПОПУТЧИКИ. - 248
,,,,,,,,,,,,,,,,,,,,,,,,,,🔥🔥АРМАВИР ОБЪЯВЛЕНИЯ - 238
,,,,,,,,,,,,,,,,,,,,,,,,,,Бесплатные объявления. Искитим. - 238
,,,,,,,,,,,,,,,,,,,,,,,,,,"ПРОДАЖА КРС+МРС КАЛАЧ, СУРАВИКИНО ,ОБЛИВСКАЯ, ЧЕРНЕШКИ,КЛЕТСКАЯ,СЕРОФИМОВИЧ ,КУЛМЫЖЕНСКАЯ,МИХАЙЛОВКА,ФРОЛОВО,ИЛОВЛЯ, - 237"
,,,,,,,,,,,,,,,,,,,,,,,,,,"04/Кубань ссылки взаимны, рекламы бесплатные - 236"
,,,,,,,,,,,,,,,,,,,,,,,,,,НЕДВИЖИМОСТЬ |РЕМОНТ - 232
,,,,,,,,,,,,,,,,,,,,,,,,,,🌐ДИНСКАЯ -ЗДЕСЬ И СЕЙЧАС! - 229
,,,,,,,,,,,,,,,,,,,,,,,,,,Красный Сулин ♥️ МОЛВА-ИНФО - 219
,,,,,,,,,,,,,,,,,,,,,,,,,,"Подволок, бургень обьявления - 215"
,,,,,,,,,,,,,,,,,,,,,,,,,,🩵ПРОДАЖИ🩵ЛАБИНСК🩵Вольное🩵 - 213
,,,,,,,,,,,,,,,,,,,,,,,,,,ОБЛИВСКАЯ МОЛВА - ИНФО Новости объявления - 209
,,,,,,,,,,,,,,,,,,,,,,,,,,🪗ЛАБИНСК🪗купи продай🪗 - 203
,,,,,,,,,,,,,,,,,,,,,,,,,,🔥🔥ВЫСЕЛКИ ОБЪЯВЛЕНИЯ - 203
,,,,,,,,,,,,,,,,,,,,,,,,,,🩵АДЫГЕЯ🩵 Группа продаж и объявлений .🩵 - 201
,,,,,,,,,,,,,,,,,,,,,,,,,,03/Белореченск - 197
,,,,,,,,,,,,,,,,,,,,,,,,,,"42🔵🔵🔵МАЙКОП ВАШИ ОБЪЯВЛЕНИЯ, КУПИ-ПРОДАЙ!!! - 193"
,,,,,,,,,,,,,,,,,,,,,,,,,,БАРАХОЛКА 08 Калмыкия 🐂🐂 - 192
,,,,,,,,,,,,,,,,,,,,,,,,,,🔥🔥БЕЛОРЕЧЕНСК ОБЪЯВЛЕНИЯ - 191
,,,,,,,,,,,,,,,,,,,,,,,,,,🌐 Вопросы/ответы в Динском Районе! - 186
,,,,,,,,,,,,,,,,,,,,,,,,,,📚МИХАЙЛОВСКАЯ 📚 - 184
,,,,,,,,,,,,,,,,,,,,,,,,,,🔥🔥КУРГАНИНСК ОБЪЯВЛЕНИЯ - 183
,,,,,,,,,,,,,,,,,,,,,,,,,,🔥🔥УСТЬ-ЛАБИНСК ОБЪЯВЛЕНИЯ - 183
,,,,,,,,,,,,,,,,,,,,,,,,,,👩‍👦‍👦🌸 МАМОЧКИ МКР МОЛОДЁЖНЫЙ и СОСЕДИ 🌸👩‍👧‍👧 - 183
,,,,,,,,,,,,,,,,,,,,,,,,,,Andrei_avto_krasnodar.Юг.РФ - 181
,,,,,,,,,,,,,,,,,,,,,,,,,,🔥🔥АБИНСК ОБЪЯВЛЕНИЯ - 178
,,,,,,,,,,,,,,,,,,,,,,,,,,Объявления Селиваниха! - 173
,,,,,,,,,,,,,,,,,,,,,,,,,,🔥🔥КОРЕНОВСК ОБЪЯВЛЕНИЯ - 171
,,,,,,,,,,,,,,,,,,,,,,,,,,🔥🔥ДИНСКАЯ ОБЪЯВЛЕНИЯ - 169
,,,,,,,,,,,,,,,,,,,,,,,,,,🔥🔥ТИМАШЕВСК ОБЪЯВЛЕНИЯ - 168
,,,,,,,,,,,,,,,,,,,,,,,,,,🌐ПЛАСТУНОВСКАЯ И РЯДОМ!⚡️⚡️⚡️ - 160
,,,,,,,,,,,,,,,,,,,,,,,,,,🔥🔥МОСТОВСКОЙ ОБЪЯВЛЕНИЯ - 159
,,,,,,,,,,,,,,,,,,,,,,,,,,🔥🔥ТИХОРЕЦК ОБЪЯВЛЕНИЯ - 159
,,,,,,,,,,,,,,,,,,,,,,,,,,Ваш Мастер На Час 34 - 158
,,,,,,,,,,,,,,,,,,,,,,,,,,🔥🔥ВАРЕНИКОВСКАЯ ОБЪЯВЛЕНИЯ - 152
,,,,,,,,,,,,,,,,,,,,,,,,,,🌐АВОСЬКА !⚡ - 149
,,,,,,,,,,,,,,,,,,,,,,,,,,🔥🔥ГУЛЬКЕВИЧИ ОБЪЯВЛЕНИЯ - 147
,,,,,,,,,,,,,,,,,,,,,,,,,,МОЙ КСК🏦 - 147
,,,,,,,,,,,,,,,,,,,,,,,,,,🌐СТАРОКОРСУНСКАЯ И РЯДОМ! - 145
,,,,,,,,,,,,,,,,,,,,,,,,,,💐Купи 🪷Продай 🪷Обменяй💐 - 144
,,,,,,,,,,,,,,,,,,,,,,,,,,Работа Москва и Московская область - 142
,,,,,,,,,,,,,,,,,,,,,,,,,,Знаки судьбы ♋️ - 135
,,,,,,,,,,,,,,,,,,,,,,,,,,🔥🔥МАЙКОП ОБЪЯВЛЕНИЯ - 133
,,,,,,,,,,,,,,,,,,,,,,,,,,АНТИ ДПС ГОФИЦКОЕ будь в курсе! - 133
,,,,,,,,,,,,,,,,,,,,,,,,,,АлкоЖор🙃 - 130
,,,,,,,,,,,,,,,,,,,,,,,,,,🧲АВТОРЫНОК /КУБАНЬ/ - 129
,,,,,,,,,,,,,,,,,,,,,,,,,,Смоленка-Благодатный - 128
,,,,,,,,,,,,,,,,,,,,,,,,,,🔥🔥ГЕЛЕНДЖИК ОБЪЯВЛЕНИЯ - 127
,,,,,,,,,,,,,,,,,,,,,,,,,,🔥🔥КРЫЛОВСКАЯ ОБЪЯВЛЕНИЯ - 127
,,,,,,,,,,,,,,,,,,,,,,,,,,🔥🔥ГОРЯЧИЙ КЛЮЧ ОБЪЯВЛЕНИЯ - 125
,,,,,,,,,,,,,,,,,,,,,,,,,,🔥🔥ОТРАДНАЯ ОБЪЯВЛЕНИЯ - 125
,,,,,,,,,,,,,,,,,,,,,,,,,,БЕСПЛАТНЫЕ ОБЪЯВЛЕНИЯ  (МОЛОДЁЖНЫЙ) - 121
,,,,,,,,,,,,,,,,,,,,,,,,,,🔥🔥ХАДЫЖЕНСК ОБЪЯВЛЕНИЯ - 116
,,,,,,,,,,,,,,,,,,,,,,,,,,🔥🔥НОВОКУБАНСК ОБЪЯВЛЕНИЯ - 109
,,,,,,,,,,,,,,,,,,,,,,,,,,Ейская ярмарка - 108
,,,,,,,,,,,,,,,,,,,,,,,,,,Всё всем Москва - 106
,,,,,,,,,,,,,,,,,,,,,,,,,,🔥🔥СТАРОМИНСКАЯ ОБЪЯВЛЕНИЯ - 105
,,,,,,,,,,,,,,,,,,,,,,,,,,🔥🔥КРЫМСК ОБЪЯВЛЕНИЯ - 97
,,,,,,,,,,,,,,,,,,,,,,,,,,купи продай Армавир и рядом - 97
,,,,,,,,,,,,,,,,,,,,,,,,,,🔥🔥УСПЕНСКОЕ ОБЪЯВЛЕНИЯ - 96
,,,,,,,,,,,,,,,,,,,,,,,,,,🔥🔥ТУАПСЕ ОБЪЯВЛЕНИЯ - 93
,,,,,,,,,,,,,,,,,,,,,,,,,,🔥🔥ТЕМРЮК ОБЪЯВЛЕНИЯ - 91
,,,,,,,,,,,,,,,,,,,,,,,,,,🌐НОВОТИТАРОВСКАЯ И РЯДОМ!⚡️⚡️⚡️ - 91
,,,,,,,,,,,,,,,,,,,,,,,,,,Ярмарка кубани - 90
,,,,,,,,,,,,,,,,,,,,,,,,,,"80.🔵🔵🔵МЕДВЕДОВСКАЯ,СТАРОМЫШАСТОВСКАЯ КУПИ,ПРОДАЙ,БАР-ЛКА - 90"
,,,,,,,,,,,,,,,,,,,,,,,,,,🔥🔥СЕВЕРСКАЯ ОБЪЯВЛЕНИЯ - 90
,,,,,,,,,,,,,,,,,,,,,,,,,,🔥🔥ПОЛТАВСКАЯ ОБЪЯВЛЕНИЯ - 88
,,,,,,,,,,,,,,,,,,,,,,,,,,Купи/Продай Барнаул - 82
,,,,,,,,,,,,,,,,,,,,,,,,,,🌐ДИНСКАЯ БЕЗ ГРАНИЦ⚡ - 80
,,,,,,,,,,,,,,,,,,,,,,,,,,🌐КАЛИНИНСКИЙ РАЙОН!⚡️⚡️⚡️ - 77
,,,,,,,,,,,,,,,,,,,,,,,,,,🌐БЕЛОРЕЧЕНСК И РЯДОМ!⚡️⚡️⚡️ - 72
,,,,,,,,,,,,,,,,,,,,,,,,,,"🌐ГРИВЕНСКАЯ, КАЛИНИНСКИЙ РАЙОН!⚡ - 70"
,,,,,,,,,,,,,,,,,,,,,,,,,,СМР-Заполярная - 66
,,,,,,,,,,,,,,,,,,,,,,,,,,🌐Ст. Васюринская №2!⚡ - 66
,,,,,,,,,,,,,,,,,,,,,,,,,,🌐 УСТЬ-ЛАБИНСК И РЯДОМ!⚡️⚡️⚡️ - 66
,,,,,,,,,,,,,,,,,,,,,,,,,,📚БЕЛОРЕЧЕНСК 📚 - 53
,,,,,,,,,,,,,,,,,,,,,,,,,,📚ОТРАДО КУБАНСКАЯ📚 - 46
,,,,,,,,,,,,,,,,,,,,,,,,,,"🌐КРАСНОСЕЛЬСК, СТАРОМЫШАСТОВСКАЯ!⚡ - 46"
,,,,,,,,,,,,,,,,,,,,,,,,,,"🌐ст. Васюринская, Динская, х. Ленина, Старокорсунская! ⚡ - 34"
,,,,,,,,,,,,,,,,,,,,,,,,,,🥦ПОЛЕЗНЫЕ РЕЦЕПТЫ🥦⤵️ - 32
,,,,,,,,,,,,,,,,,,,,,,,,,,АРЕНДА КВАРТИР | ВОРОНЕЖ | Посуточно и на длительный срок | Сниму | Сдам | Аренда жилья - 30
,,,,,,,,,,,,,,,,,,,,,,,,,,Услуги Московское и округ - 17
,,,,,,,,,,,,,,,,,,,,,,,,,,Елизаветинская - Марьянская - 16
,,,,,,,,,,,,,,,,,,,,,,,,,,ПИЗДЕЛКА - 10
,,,,,,,,,,,,,,,,,,,,,,,,,,Яяя - 8
,,,,,,,,,,,,,,,,,,,,,,,,,,Бан - 6
,,,,,,,,,,,,,,,,,,,,,,,,,,Вахтариум LIVE 🧑‍🔧 - 6
,,,,,,,,,,,,,,,,,,,,,,,,,,"2""А класс - 5"
,,,,,,,,,,,,,,,,,,,,,,,,,,Hgg - 5
,,,,,,,,,,,,,,,,,,,,,,,,,,Ter - 5
,,,,,,,,,,,,,,,,,,,,,,,,,,Хрень - 3
